id,first_name,last_name,email,gender,ip_address
1,Gherardo,Laidler,glaidler0@nhs.uk,Genderqueer,146.89.244.250
2,Isaak,Wike,iwike1@etsy.com,Male,237.8.169.195
3,Mitchell,Beesey,mbeesey2@furl.net,Male,72.23.171.54
4,Todd,Valois,tvalois3@bizjournals.com,Male,248.165.211.86
5,Hortensia,Orchart,horchart4@diigo.com,Female,133.32.8.138
6,Jaynell,Doyley,jdoyley5@skyrock.com,Female,163.158.226.19
7,Farra,Kinchlea,fkinchlea6@forbes.com,Female,54.210.205.105
8,Rosanna,Shord,rshord7@auda.org.au,Female,63.215.146.71
9,Orv,McClary,omcclary8@opera.com,Male,123.194.252.72
10,Salomon,Immer,simmer9@loc.gov,Male,248.99.87.69
11,Joyce,Goricke,jgorickea@apache.org,Female,163.235.178.100
12,Aristotle,Kilmurray,akilmurrayb@google.co.uk,Male,110.155.116.74
13,Rebe,Katte,rkattec@fema.gov,Female,184.131.26.190
14,Clay,Suffield,csuffieldd@g.co,Male,140.160.10.6
15,Essy,Goodier,egoodiere@moonfruit.com,Female,114.98.97.235
16,Norine,Grimmett,ngrimmettf@nhs.uk,Female,80.221.212.140
17,Julietta,Nevett,jnevettg@independent.co.uk,Female,126.1.49.214
18,Nissa,Heynen,nheynenh@sciencedirect.com,Female,130.182.154.14
19,Olympe,Scolli,oscollii@google.de,Female,250.4.163.36
20,Sherie,Skase,sskasej@nps.gov,Female,178.155.239.131
21,Courtney,Jeandot,cjeandotk@ftc.gov,Male,71.220.159.38
22,Shelby,MacAllister,smacallisterl@goo.ne.jp,Female,178.148.242.132
23,Rogers,Gueinn,rgueinnm@technorati.com,Male,93.66.117.90
24,Jarrid,Burriss,jburrissn@deviantart.com,Male,11.183.242.48
25,Elmo,Benwell,ebenwello@posterous.com,Male,251.174.172.118
26,Washington,Lawrenceson,wlawrencesonp@free.fr,Male,168.64.147.0
27,Sheff,Kitchaside,skitchasideq@vimeo.com,Male,85.147.75.119
28,Cati,Hirth,chirthr@unblog.fr,Female,127.88.166.93
29,Travus,Yendle,tyendles@cbc.ca,Non-binary,4.101.238.137
30,Luciano,McLeese,lmcleeset@cisco.com,Male,208.90.120.247
31,Chere,Onyon,conyonu@godaddy.com,Female,45.77.85.59
32,Vincents,Lapham,vlaphamv@stumbleupon.com,Male,12.37.166.133
33,Hortense,Borris,hborrisw@hugedomains.com,Female,29.254.239.166
34,Eugene,Aberkirder,eaberkirderx@godaddy.com,Male,61.238.255.66
35,Collette,Pendreigh,cpendreighy@photobucket.com,Female,52.108.184.82
36,Rocky,Gill,rgillz@studiopress.com,Male,52.114.208.180
37,Zaccaria,Rallin,zrallin10@dagondesign.com,Non-binary,236.217.255.135
38,Daron,Hovenden,dhovenden11@rediff.com,Male,90.94.62.46
39,Antonetta,Gonoude,agonoude12@uiuc.edu,Female,200.49.9.126
40,Rockie,Gligoraci,rgligoraci13@time.com,Male,37.74.197.218
41,Bastian,Partridge,bpartridge14@oracle.com,Male,80.3.137.154
42,Milzie,Sakins,msakins15@state.gov,Female,225.3.34.26
43,Joela,McCloud,jmccloud16@infoseek.co.jp,Female,36.161.139.203
44,Isiahi,Mieville,imieville17@intel.com,Male,172.41.161.103
45,Hildegaard,Hooke,hhooke18@shinystat.com,Female,96.49.80.156
46,Polly,Toderi,ptoderi19@miitbeian.gov.cn,Female,231.53.119.200
47,Joanna,Westhoff,jwesthoff1a@cbslocal.com,Female,152.183.83.181
48,Julianna,McTrustey,jmctrustey1b@salon.com,Female,29.220.186.57
49,Delaney,Wetton,dwetton1c@fastcompany.com,Male,73.36.216.105
50,Easter,Rubanenko,erubanenko1d@adobe.com,Female,52.91.106.123
51,Adrienne,Licciardello,alicciardello1e@google.co.uk,Female,99.129.180.42
52,Lenci,Ramsell,lramsell1f@godaddy.com,Male,16.17.146.116
53,Ber,Banasiak,bbanasiak1g@ovh.net,Male,184.133.249.198
54,Roshelle,Jiroutek,rjiroutek1h@tuttocitta.it,Female,58.105.165.176
55,Sherri,Bartholat,sbartholat1i@gmpg.org,Female,160.204.73.106
56,Nicola,Sanpher,nsanpher1j@51.la,Female,173.32.196.41
57,Shurlock,Egleton,segleton1k@cdc.gov,Male,71.251.14.154
58,Milissent,Bottom,mbottom1l@biblegateway.com,Polygender,15.32.237.179
59,Ella,Feuell,efeuell1m@nih.gov,Female,197.52.102.200
60,Angela,Jakoubec,ajakoubec1n@creativecommons.org,Female,146.193.249.153
61,Glynn,Trusler,gtrusler1o@dedecms.com,Male,53.128.144.219
62,Korrie,Kenen,kkenen1p@disqus.com,Female,215.209.206.2
63,Leopold,Treher,ltreher1q@fema.gov,Male,55.200.69.86
64,Derward,Combe,dcombe1r@princeton.edu,Male,194.156.87.90
65,Sara-ann,Bettesworth,sbettesworth1s@wired.com,Bigender,195.17.221.222
66,Andy,Rimell,arimell1t@ucsd.edu,Male,217.84.48.238
67,Ernesta,Birchenhead,ebirchenhead1u@marriott.com,Female,139.38.61.236
68,Dud,Fitchet,dfitchet1v@msn.com,Male,196.156.37.100
69,Johan,Bradnocke,jbradnocke1w@yellowbook.com,Male,42.36.57.236
70,Minta,Morilla,mmorilla1x@marketwatch.com,Female,206.15.233.214
71,Raquel,Cholwell,rcholwell1y@purevolume.com,Female,138.103.1.93
72,Magdalen,Heam,mheam1z@theatlantic.com,Female,177.145.31.76
73,Pepillo,Proudlock,pproudlock20@seattletimes.com,Male,149.132.234.150
74,Seline,Sawley,ssawley21@apple.com,Female,211.182.59.124
75,Shayne,Yarmouth,syarmouth22@fotki.com,Female,145.168.155.127
76,Saxon,Terne,sterne23@unesco.org,Male,59.76.159.118
77,Ulrika,Mewes,umewes24@unesco.org,Female,124.13.104.20
78,Agnes,Stonhewer,astonhewer25@a8.net,Female,91.213.228.100
79,Claretta,Shaylor,cshaylor26@youtu.be,Female,244.89.128.150
80,Cecilla,Kislingbury,ckislingbury27@seattletimes.com,Female,154.141.240.8
81,Josh,Hearon,jhearon28@google.fr,Male,232.32.204.143
82,Mikey,Sach,msach29@canalblog.com,Male,159.42.21.88
83,Ludwig,Ranking,lranking2a@1und1.de,Bigender,81.223.222.83
84,Rona,Barnish,rbarnish2b@zimbio.com,Female,20.230.12.212
85,Neddy,Tutchener,ntutchener2c@163.com,Male,66.181.236.240
86,Mike,Blumer,mblumer2d@amazon.com,Male,179.232.189.70
87,Tommi,Alforde,talforde2e@cafepress.com,Female,252.215.184.74
88,Anabel,Goodluck,agoodluck2f@ehow.com,Female,209.14.115.38
89,Aurelie,Fouracre,afouracre2g@macromedia.com,Female,78.101.129.241
90,Fairlie,Lownds,flownds2h@themeforest.net,Male,53.156.241.48
91,Rosaleen,Le Provost,rleprovost2i@timesonline.co.uk,Female,41.155.107.109
92,Shawn,Poppleton,spoppleton2j@utexas.edu,Female,193.106.124.200
93,Shelia,O'Bradain,sobradain2k@sciencedirect.com,Female,125.40.219.39
94,Nealon,McCreath,nmccreath2l@deviantart.com,Male,190.99.216.85
95,Deina,Scrowton,dscrowton2m@jalbum.net,Female,51.12.37.228
96,Marjy,Clapton,mclapton2n@arstechnica.com,Female,245.76.136.250
97,Yancey,Sidebotton,ysidebotton2o@usgs.gov,Male,63.112.20.80
98,Dionne,Gounard,dgounard2p@state.tx.us,Female,104.177.158.108
99,Albrecht,Amar,aamar2q@mediafire.com,Male,207.245.234.41
100,Colas,Pock,cpock2r@berkeley.edu,Male,72.188.171.13
101,Tani,Ancell,tancell2s@vimeo.com,Female,49.221.2.72
102,Anica,Shepherd,ashepherd2t@marriott.com,Female,223.236.151.207
103,Edgardo,Picheford,epicheford2u@cnbc.com,Male,172.241.33.23
104,Alfi,Masarrat,amasarrat2v@unblog.fr,Agender,153.122.123.245
105,Collen,Matas,cmatas2w@deviantart.com,Female,3.122.223.2
106,Fonsie,Prydie,fprydie2x@freewebs.com,Genderqueer,210.69.209.146
107,Herb,Goeff,hgoeff2y@ucoz.com,Male,223.131.199.84
108,Chick,Siemons,csiemons2z@kickstarter.com,Polygender,157.60.43.117
109,Rowland,Thoma,rthoma30@engadget.com,Male,244.47.148.162
110,Alford,McAnellye,amcanellye31@spiegel.de,Male,17.81.26.47
111,Leontine,Jozaitis,ljozaitis32@discovery.com,Genderqueer,43.25.99.231
112,Margeaux,Jina,mjina33@mapy.cz,Female,197.32.93.178
113,Melania,Phaup,mphaup34@pinterest.com,Female,158.17.147.64
114,Rod,Whittock,rwhittock35@google.com.hk,Male,134.63.246.212
115,Irena,Nisard,inisard36@samsung.com,Female,63.202.105.196
116,Rutledge,Brien,rbrien37@rediff.com,Male,165.155.203.39
117,Patrizia,Jaulmes,pjaulmes38@vistaprint.com,Female,29.38.183.98
118,Janaya,Fudger,jfudger39@yandex.ru,Female,215.99.198.21
119,Konstantine,Edgars,kedgars3a@github.com,Male,43.7.220.52
120,Ford,Frankcomb,ffrankcomb3b@shareasale.com,Male,117.181.28.174
121,Arie,Quogan,aquogan3c@ucoz.com,Male,103.94.252.110
122,Yovonnda,Gresch,ygresch3d@arizona.edu,Female,194.11.66.62
123,Florette,Kennady,fkennady3e@cpanel.net,Bigender,22.4.248.199
124,Leif,Tokell,ltokell3f@foxnews.com,Male,229.186.153.160
125,Nicoline,Kirdsch,nkirdsch3g@delicious.com,Female,212.199.226.108
126,Faith,Jakovijevic,fjakovijevic3h@reuters.com,Female,27.13.64.194
127,Emilee,Manby,emanby3i@51.la,Bigender,179.217.89.113
128,Caitrin,Husselbee,chusselbee3j@com.com,Female,77.1.136.150
129,Ariel,Baugham,abaugham3k@guardian.co.uk,Female,139.57.70.140
130,Hamid,Stopforth,hstopforth3l@go.com,Male,118.218.65.12
131,Douglas,Manifould,dmanifould3m@123-reg.co.uk,Male,147.217.125.210
132,Burton,Sibery,bsibery3n@surveymonkey.com,Male,113.171.11.183
133,Flor,Caren,fcaren3o@seattletimes.com,Female,91.13.52.246
134,Vernor,Martinuzzi,vmartinuzzi3p@exblog.jp,Male,218.119.64.235
135,Estrella,Pennicott,epennicott3q@nps.gov,Female,200.70.145.48
136,Con,Airy,cairy3r@ustream.tv,Female,148.229.65.12
137,Shawn,Hinrich,shinrich3s@census.gov,Female,244.7.93.14
138,Deonne,Vitall,dvitall3t@addtoany.com,Female,243.35.4.111
139,Raimundo,Van Hove,rvanhove3u@apple.com,Male,111.13.237.8
140,Ronnie,Pethybridge,rpethybridge3v@mysql.com,Male,87.123.240.60
141,Emmye,Beckensall,ebeckensall3w@disqus.com,Female,107.107.79.182
142,Bianca,Iacavone,biacavone3x@uiuc.edu,Female,32.168.215.154
143,Giacobo,Winspear,gwinspear3y@angelfire.com,Male,37.241.245.16
144,Merrilee,Midson,mmidson3z@symantec.com,Female,86.199.123.220
145,Lawry,Wolton,lwolton40@de.vu,Male,67.143.83.33
146,Deena,Ebben,debben41@usnews.com,Female,88.97.36.78
147,Westleigh,Murdie,wmurdie42@mayoclinic.com,Male,199.14.218.144
148,Adams,Braunstein,abraunstein43@blog.com,Male,189.70.12.61
149,Edward,Amberger,eamberger44@dedecms.com,Male,141.70.107.37
150,Hy,Collis,hcollis45@state.gov,Male,71.63.216.67
151,Pail,Strother,pstrother46@diigo.com,Male,111.149.99.42
152,Dolley,Benedikt,dbenedikt47@upenn.edu,Female,225.227.172.165
153,Jarred,Lowrance,jlowrance48@fda.gov,Male,18.159.161.42
154,Margy,Clardge,mclardge49@archive.org,Female,171.224.104.142
155,Abeu,Von Der Empten,avonderempten4a@imageshack.us,Male,2.18.17.234
156,Burl,Guilloneau,bguilloneau4b@biblegateway.com,Male,39.255.141.114
157,Chilton,Lorrimer,clorrimer4c@altervista.org,Male,74.119.49.174
158,Cammi,Matchett,cmatchett4d@adobe.com,Female,89.41.249.12
159,Nanni,Aspin,naspin4e@ihg.com,Female,79.189.187.85
160,Georgia,Spurdens,gspurdens4f@simplemachines.org,Female,223.17.64.61
161,Andreas,McGeffen,amcgeffen4g@domainmarket.com,Male,237.73.58.101
162,Madison,Bette,mbette4h@google.com.au,Male,139.20.144.24
163,Chase,Eisikowitz,ceisikowitz4i@dropbox.com,Male,143.205.125.246
164,Jessi,Shakesby,jshakesby4j@arizona.edu,Non-binary,226.12.208.141
165,Aeriel,Wemm,awemm4k@shop-pro.jp,Female,190.138.47.25
166,Tabatha,Edward,tedward4l@java.com,Female,67.3.88.32
167,Janine,Leighfield,jleighfield4m@fema.gov,Female,95.198.94.148
168,Dorri,Gianilli,dgianilli4n@about.com,Female,122.51.177.180
169,Suzy,Shorland,sshorland4o@moonfruit.com,Female,65.198.138.192
170,Barr,Echlin,bechlin4p@fotki.com,Male,27.98.177.45
171,Flossy,Eilhermann,feilhermann4q@rambler.ru,Female,126.111.65.37
172,Gianni,Raubenheimers,graubenheimers4r@arizona.edu,Male,105.125.255.40
173,Morgan,Crannis,mcrannis4s@ucla.edu,Female,215.232.137.122
174,Denys,Ricard,dricard4t@usda.gov,Female,75.23.17.19
175,Edy,Gheraldi,egheraldi4u@pinterest.com,Female,122.37.153.54
176,Charline,Sesser,csesser4v@tamu.edu,Female,121.82.69.47
177,Gerick,Dalzell,gdalzell4w@ucoz.com,Male,19.120.182.16
178,Luke,Hains,lhains4x@trellian.com,Male,7.92.222.100
179,Andrea,Askem,aaskem4y@wordpress.com,Male,87.153.165.6
180,Vanni,Woodhead,vwoodhead4z@jalbum.net,Female,39.152.129.115
181,Bartie,Eliasson,beliasson50@imageshack.us,Male,156.167.197.4
182,Garrott,Marvin,gmarvin51@businessweek.com,Male,104.234.249.184
183,Jammal,Sheaf,jsheaf52@yelp.com,Male,200.2.193.143
184,Norry,Trathan,ntrathan53@earthlink.net,Female,27.9.47.69
185,Lonnard,Huortic,lhuortic54@devhub.com,Male,39.234.247.248
186,Delinda,Odams,dodams55@yellowpages.com,Female,117.239.5.131
187,Caroljean,Andor,candor56@noaa.gov,Female,71.42.46.150
188,Brnaba,Geere,bgeere57@facebook.com,Male,171.245.228.116
189,Sarine,Orgel,sorgel58@wordpress.org,Female,70.222.181.205
190,Nerti,Duff,nduff59@diigo.com,Female,128.202.87.216
191,Hertha,Pohlak,hpohlak5a@altervista.org,Female,133.230.193.60
192,Bernete,Twallin,btwallin5b@a8.net,Female,183.69.219.44
193,Emelina,Rosengarten,erosengarten5c@walmart.com,Female,187.12.74.229
194,Ernesta,Garstan,egarstan5d@sohu.com,Genderqueer,20.177.78.98
195,Afton,Sweetlove,asweetlove5e@nydailynews.com,Female,30.51.137.254
196,Olenka,Choat,ochoat5f@ow.ly,Female,233.130.19.46
197,Baryram,Davinet,bdavinet5g@usda.gov,Male,105.79.135.232
198,Brice,Chrisp,bchrisp5h@yelp.com,Male,159.191.240.189
199,Mariellen,Farrance,mfarrance5i@tuttocitta.it,Female,211.244.239.136
200,Ezra,Wilkisson,ewilkisson5j@msu.edu,Male,175.214.131.96
201,Fredi,Isaksson,fisaksson5k@biblegateway.com,Female,191.105.226.187
202,Byron,Licas,blicas5l@bing.com,Male,57.107.225.231
203,Gearalt,Durham,gdurham5m@about.me,Male,122.45.52.9
204,Launce,Baptie,lbaptie5n@bloglines.com,Male,20.12.159.227
205,Catarina,Aleshkov,caleshkov5o@msn.com,Female,244.26.148.200
206,Willie,Daelman,wdaelman5p@house.gov,Female,185.187.232.51
207,Jeanne,Matovic,jmatovic5q@networksolutions.com,Female,12.130.168.62
208,Guillemette,Squelch,gsquelch5r@creativecommons.org,Female,254.22.104.27
209,Victoir,Moxsom,vmoxsom5s@theglobeandmail.com,Male,37.238.68.126
210,Arabelle,Jenking,ajenking5t@paypal.com,Female,104.220.223.90
211,Laurens,Sproul,lsproul5u@issuu.com,Male,102.226.162.214
212,Franchot,Worviell,fworviell5v@ebay.com,Male,208.36.237.152
213,Julianne,MacCurtain,jmaccurtain5w@hatena.ne.jp,Female,59.188.144.31
214,Ernestine,Livock,elivock5x@google.com.au,Female,188.230.99.127
215,Alana,Kuhnt,akuhnt5y@disqus.com,Female,123.184.100.211
216,Christye,Braun,cbraun5z@bbc.co.uk,Agender,4.248.5.24
217,Wrennie,Downs,wdowns60@ning.com,Female,225.51.43.49
218,Kelvin,Breakspear,kbreakspear61@youku.com,Male,190.8.76.124
219,Theda,Finch,tfinch62@princeton.edu,Bigender,3.202.77.45
220,Michail,Newbury,mnewbury63@google.de,Male,214.215.240.139
221,Lockwood,Bushrod,lbushrod64@altervista.org,Male,82.217.43.36
222,Deane,Sandercock,dsandercock65@over-blog.com,Female,121.131.138.237
223,Chip,MacPaik,cmacpaik66@zimbio.com,Male,143.104.145.93
224,Kirstin,Lowdham,klowdham67@etsy.com,Female,85.209.200.234
225,Hope,Kilty,hkilty68@disqus.com,Female,247.238.34.212
226,Marisa,Assante,massante69@fotki.com,Female,104.202.226.32
227,Caz,Juggings,cjuggings6a@cbsnews.com,Male,228.142.50.137
228,Allys,Gate,agate6b@vkontakte.ru,Female,207.2.192.103
229,Perice,Abdy,pabdy6c@google.nl,Male,152.71.237.199
230,Bettina,Mirando,bmirando6d@yellowpages.com,Female,150.242.106.84
231,Lancelot,Grimbleby,lgrimbleby6e@abc.net.au,Male,217.179.28.29
232,Tiphany,Panyer,tpanyer6f@biglobe.ne.jp,Female,119.6.129.12
233,Quinton,Monteith,qmonteith6g@altervista.org,Male,125.54.73.185
234,Lynne,Varley,lvarley6h@census.gov,Female,192.3.151.70
235,Vikki,Radoux,vradoux6i@skype.com,Female,50.25.108.87
236,Lilly,Baxendale,lbaxendale6j@facebook.com,Female,136.83.52.26
237,Robbi,Tobin,rtobin6k@usnews.com,Female,179.225.128.159
238,Gillan,Rydings,grydings6l@moonfruit.com,Female,155.158.171.151
239,Vance,Puddle,vpuddle6m@purevolume.com,Male,194.29.50.254
240,Mathilda,Rycraft,mrycraft6n@canalblog.com,Female,188.93.202.189
241,Mayne,Demead,mdemead6o@webmd.com,Male,135.151.246.48
242,Lorenza,Gribbell,lgribbell6p@goodreads.com,Female,170.157.94.154
243,Lorelei,Merrydew,lmerrydew6q@abc.net.au,Polygender,45.160.70.184
244,Jereme,Hulson,jhulson6r@blog.com,Male,31.253.14.194
245,Georg,Brou,gbrou6s@businessinsider.com,Male,88.74.205.228
246,Pauli,Endricci,pendricci6t@prweb.com,Female,5.115.235.172
247,Agatha,Bollins,abollins6u@washingtonpost.com,Female,94.135.221.183
248,Lucio,Kendell,lkendell6v@quantcast.com,Male,219.51.159.235
249,Ellery,Danit,edanit6w@berkeley.edu,Male,172.81.252.0
250,Caty,Mattack,cmattack6x@kickstarter.com,Female,126.96.238.133
251,Waylon,Caslett,wcaslett6y@merriam-webster.com,Male,99.44.117.32
252,Meredeth,Bill,mbill6z@mysql.com,Male,93.183.140.40
253,Haven,Stickel,hstickel70@instagram.com,Male,169.188.234.9
254,Yorgos,Gordon-Giles,ygordongiles71@dion.ne.jp,Male,79.64.28.58
255,Shellysheldon,Jubert,sjubert72@aboutads.info,Male,190.132.235.138
256,Dud,Sibary,dsibary73@blogs.com,Male,196.207.83.61
257,Leonerd,Scardefield,lscardefield74@flickr.com,Male,51.144.15.52
258,Joy,Galpen,jgalpen75@163.com,Agender,219.125.120.250
259,Cesaro,Bigham,cbigham76@blogspot.com,Male,135.108.175.124
260,Darcy,Kohlert,dkohlert77@vkontakte.ru,Male,175.205.69.67
261,Wandie,Rignold,wrignold78@amazon.com,Female,254.56.47.35
262,Misti,Garlinge,mgarlinge79@gravatar.com,Female,52.53.49.87
263,Pet,Lorne,plorne7a@histats.com,Female,206.61.3.128
264,Maegan,Twohig,mtwohig7b@sakura.ne.jp,Female,205.52.123.137
265,Meg,Beetles,mbeetles7c@amazon.com,Female,156.160.77.245
266,Marylou,McCrudden,mmccrudden7d@vinaora.com,Non-binary,8.88.17.209
267,Lawton,McCrorie,lmccrorie7e@economist.com,Male,189.162.39.87
268,Maxie,Maccrea,mmaccrea7f@parallels.com,Male,8.165.113.165
269,Yves,Godmer,ygodmer7g@jimdo.com,Male,173.245.137.149
270,Amye,Slite,aslite7h@yandex.ru,Female,96.255.171.73
271,Erma,McMurray,emcmurray7i@redcross.org,Female,245.239.50.27
272,Erwin,Georgeon,egeorgeon7j@discuz.net,Male,42.13.61.150
273,Emiline,Gouldthorpe,egouldthorpe7k@webnode.com,Non-binary,236.118.10.147
274,Nikola,O'Hannigan,nohannigan7l@sfgate.com,Male,148.67.67.227
275,Emlyn,Laterza,elaterza7m@dailymail.co.uk,Male,3.153.127.43
276,Bjorn,Precious,bprecious7n@fastcompany.com,Male,228.26.9.159
277,Shelby,MacVicar,smacvicar7o@tamu.edu,Female,139.24.86.176
278,Keene,Kahane,kkahane7p@mayoclinic.com,Male,3.247.196.145
279,Myrta,Arondel,marondel7q@purevolume.com,Female,244.83.22.141
280,Gram,Baglan,gbaglan7r@acquirethisname.com,Male,128.83.214.165
281,Cassandre,Pudner,cpudner7s@youtu.be,Female,129.7.123.85
282,Paxton,Dimblebee,pdimblebee7t@go.com,Male,191.22.122.36
283,Olwen,Wear,owear7u@intel.com,Female,51.2.99.117
284,Bryant,Sancraft,bsancraft7v@salon.com,Male,25.248.51.212
285,Merci,McQuirter,mmcquirter7w@twitpic.com,Female,110.154.14.66
286,Thorny,Penkethman,tpenkethman7x@ehow.com,Male,153.212.8.147
287,Alfredo,Blasetti,ablasetti7y@yahoo.co.jp,Male,145.224.190.1
288,Sari,Ginie,sginie7z@bluehost.com,Female,57.67.162.61
289,Audrye,Bitten,abitten80@blogspot.com,Female,121.87.234.238
290,Lorenza,Eronie,leronie81@gnu.org,Female,36.8.50.100
291,Artair,Cordrey,acordrey82@seattletimes.com,Male,231.58.41.130
292,Nanny,Jovasevic,njovasevic83@soundcloud.com,Female,79.64.13.106
293,Kendrick,Fearne,kfearne84@google.com.hk,Male,25.32.146.180
294,Heather,Bayston,hbayston85@who.int,Female,204.144.154.104
295,Cello,Bunny,cbunny86@harvard.edu,Male,80.157.181.234
296,Pernell,Camerello,pcamerello87@miibeian.gov.cn,Male,5.238.227.184
297,Humbert,Kunzler,hkunzler88@free.fr,Male,109.65.197.63
298,Bliss,Pilfold,bpilfold89@wisc.edu,Female,236.1.121.105
299,Sydel,Yerrall,syerrall8a@who.int,Female,26.142.219.254
300,Upton,Langforth,ulangforth8b@sogou.com,Male,161.203.190.205
301,Valerye,Godier,vgodier8c@purevolume.com,Female,31.127.174.124
302,Sibylle,Kelk,skelk8d@howstuffworks.com,Female,134.25.156.109
303,Fremont,Roote,froote8e@patch.com,Male,82.103.160.237
304,Phillis,Trowbridge,ptrowbridge8f@prweb.com,Female,74.220.6.15
305,Phillip,Lorking,plorking8g@hexun.com,Male,155.247.252.24
306,Ruby,Malthouse,rmalthouse8h@icq.com,Female,75.94.76.220
307,Hobard,Davsley,hdavsley8i@chicagotribune.com,Male,227.120.243.253
308,Charmane,Eam,ceam8j@msu.edu,Female,186.192.97.129
309,Dolly,Twelvetrees,dtwelvetrees8k@usatoday.com,Female,207.145.224.128
310,Franklyn,Eakeley,feakeley8l@freewebs.com,Male,196.228.33.130
311,Gwen,Cuningham,gcuningham8m@surveymonkey.com,Female,113.40.200.64
312,Fredericka,Newiss,fnewiss8n@imdb.com,Female,126.78.113.191
313,Kermy,Blades,kblades8o@edublogs.org,Male,171.163.132.105
314,Daniel,Eate,deate8p@vkontakte.ru,Male,5.155.30.94
315,Brooks,Mapples,bmapples8q@cdc.gov,Polygender,61.3.237.100
316,Cristen,Muzzollo,cmuzzollo8r@networkadvertising.org,Non-binary,231.24.195.58
317,Hiram,Yewdell,hyewdell8s@bizjournals.com,Male,223.231.203.165
318,Dorrie,Mearns,dmearns8t@reverbnation.com,Female,19.8.47.185
319,Valentino,Bartunek,vbartunek8u@cbsnews.com,Male,84.154.26.141
320,Cristina,Muddiman,cmuddiman8v@fema.gov,Female,49.75.75.160
321,Jeane,Standrin,jstandrin8w@storify.com,Female,139.204.80.156
322,Solomon,Sagg,ssagg8x@networksolutions.com,Male,143.46.82.95
323,Clayborne,Ashborne,cashborne8y@constantcontact.com,Male,147.107.170.91
324,Paola,Heaysman,pheaysman8z@yolasite.com,Female,206.241.39.240
325,Arvy,Ubank,aubank90@bbc.co.uk,Male,162.224.191.221
326,Thurston,Barraclough,tbarraclough91@census.gov,Male,18.144.82.83
327,Neddie,Ackhurst,nackhurst92@nhs.uk,Male,102.132.106.124
328,Shaughn,Haws,shaws93@comcast.net,Male,160.167.103.43
329,Sigismund,Bondar,sbondar94@bloomberg.com,Male,76.182.33.18
330,Arri,Imesen,aimesen95@myspace.com,Male,137.181.113.230
331,Edi,O'Bradain,eobradain96@mapquest.com,Female,205.30.185.103
332,Issie,Burlingame,iburlingame97@imdb.com,Female,58.85.222.167
333,Orion,Bayston,obayston98@posterous.com,Male,234.230.31.89
334,Doralia,Pischel,dpischel99@bandcamp.com,Female,179.51.20.244
335,Micky,Colbertson,mcolbertson9a@360.cn,Male,157.113.76.158
336,Kaleb,Demangel,kdemangel9b@dailymotion.com,Male,43.48.39.249
337,Josefina,Pennetta,jpennetta9c@usatoday.com,Female,34.174.249.141
338,Thom,Bake,tbake9d@geocities.jp,Male,221.35.73.26
339,Bo,Unsworth,bunsworth9e@is.gd,Male,187.44.95.152
340,Kaitlin,Hadye,khadye9f@hao123.com,Female,188.238.112.66
341,Noell,Hickisson,nhickisson9g@dmoz.org,Female,246.128.222.54
342,Fitz,Forward,fforward9h@youtu.be,Male,58.90.252.21
343,Sammy,Myrie,smyrie9i@gravatar.com,Non-binary,66.43.32.160
344,Freeman,Stallibrass,fstallibrass9j@loc.gov,Male,83.43.28.142
345,Rebekah,Dewsnap,rdewsnap9k@bandcamp.com,Female,63.101.69.25
346,Allyce,Clemmen,aclemmen9l@360.cn,Female,69.224.57.252
347,Gunter,Sinkins,gsinkins9m@e-recht24.de,Male,229.17.28.242
348,Alexandrina,Maneylaws,amaneylaws9n@economist.com,Female,83.135.46.8
349,Stirling,Woodyer,swoodyer9o@tmall.com,Male,33.120.158.74
350,Damara,Pude,dpude9p@com.com,Genderqueer,74.105.142.61
351,Deloris,Sutch,dsutch9q@chronoengine.com,Female,22.70.80.152
352,Rafaellle,Beston,rbeston9r@vkontakte.ru,Male,34.129.73.179
353,Hinze,Keaton,hkeaton9s@businessinsider.com,Male,89.240.250.57
354,Brena,Askwith,baskwith9t@geocities.jp,Female,88.76.104.121
355,Merrill,Yeabsley,myeabsley9u@cloudflare.com,Female,18.169.118.220
356,Costanza,Toman,ctoman9v@hostgator.com,Female,2.32.213.202
357,Latashia,Lewington,llewington9w@harvard.edu,Female,149.4.66.251
358,Timmie,Creus,tcreus9x@bbb.org,Male,81.21.143.49
359,Judy,Rayworth,jrayworth9y@shareasale.com,Female,14.62.222.193
360,Rogerio,Chellingworth,rchellingworth9z@scientificamerican.com,Male,156.31.153.194
361,Vivyanne,Hassett,vhassetta0@netlog.com,Female,65.67.230.22
362,Berk,Willatts,bwillattsa1@psu.edu,Male,131.223.232.61
363,Tymothy,De Ambrosi,tdeambrosia2@geocities.jp,Male,108.44.165.47
364,Karlan,Choake,kchoakea3@dagondesign.com,Male,20.42.71.121
365,Odella,Luker,olukera4@vkontakte.ru,Female,30.186.67.10
366,Xymenes,Eyden,xeydena5@yandex.ru,Polygender,174.202.237.168
367,Sella,Branni,sbrannia6@weebly.com,Female,248.112.216.226
368,Gregorius,Pocke,gpockea7@hao123.com,Male,52.47.175.186
369,Ronalda,Gilbody,rgilbodya8@chicagotribune.com,Polygender,120.131.36.69
370,Britt,Blazynski,bblazynskia9@gizmodo.com,Female,163.114.206.106
371,Kelli,Paulig,kpauligaa@ehow.com,Female,46.213.183.17
372,Berti,Galia,bgaliaab@yale.edu,Female,6.28.117.167
373,Nicol,Lourens,nlourensac@constantcontact.com,Female,203.85.221.36
374,Cindie,Golland,cgollandad@xinhuanet.com,Female,241.7.11.19
375,Rikki,Ramage,rramageae@deliciousdays.com,Female,146.57.44.51
376,Scott,Ravenshear,sravenshearaf@bizjournals.com,Male,32.73.196.180
377,Murry,Stebbings,mstebbingsag@zdnet.com,Male,152.196.36.176
378,Rafi,Comi,rcomiah@noaa.gov,Male,166.236.164.198
379,Lynnet,Swanston,lswanstonai@typepad.com,Female,57.174.27.160
380,Galvin,Satterly,gsatterlyaj@nytimes.com,Genderfluid,198.13.56.81
381,Helga,Crimpe,hcrimpeak@marketwatch.com,Female,181.87.11.97
382,Sherwood,Connick,sconnickal@amazon.com,Male,90.52.207.113
383,Georgianne,Hurdidge,ghurdidgeam@sciencedirect.com,Female,193.144.68.202
384,Marvin,Baggalley,mbaggalleyan@mozilla.com,Male,178.227.8.110
385,Lindsey,Emmerson,lemmersonao@upenn.edu,Female,68.204.233.48
386,Jeanelle,Tucknott,jtucknottap@exblog.jp,Female,23.26.211.44
387,Osborn,Bullingham,obullinghamaq@arizona.edu,Male,245.153.73.211
388,Cathlene,Lackner,clacknerar@squidoo.com,Female,101.65.78.159
389,Svend,Bundock,sbundockas@360.cn,Male,40.161.15.159
390,Lyell,Bradie,lbradieat@cbslocal.com,Male,120.48.177.134
391,Ric,Rahl,rrahlau@independent.co.uk,Male,78.246.219.170
392,Axe,Spiring,aspiringav@dyndns.org,Male,254.33.43.105
393,Terrence,Bittany,tbittanyaw@dell.com,Male,127.116.127.133
394,Valentino,Bhar,vbharax@creativecommons.org,Male,73.175.203.253
395,Jorrie,Griswaite,jgriswaiteay@weather.com,Female,250.231.156.214
396,Lydon,Warsop,lwarsopaz@aboutads.info,Male,137.43.94.216
397,Wylma,Murrish,wmurrishb0@thetimes.co.uk,Female,120.41.171.220
398,Herc,Paggitt,hpaggittb1@hubpages.com,Bigender,188.64.49.252
399,Gregory,Delatour,gdelatourb2@themeforest.net,Male,90.116.124.172
400,Emmalynne,Heinrici,eheinricib3@amazonaws.com,Female,105.184.166.209
401,Gabriello,Pumphreys,gpumphreysb4@jigsy.com,Male,49.67.133.107
402,Josh,Dabbes,jdabbesb5@acquirethisname.com,Male,29.243.6.193
403,Greta,Doelle,gdoelleb6@marriott.com,Female,155.85.214.66
404,Carroll,Luciano,clucianob7@aol.com,Male,188.36.1.150
405,Putnem,Dudding,pduddingb8@sbwire.com,Male,136.189.65.153
406,Christopher,Yeardsley,cyeardsleyb9@theguardian.com,Male,86.25.191.237
407,Emory,Sture,estureba@upenn.edu,Male,35.206.186.169
408,Joli,Hefner,jhefnerbb@lulu.com,Female,73.144.148.106
409,Martainn,Kingsnoad,mkingsnoadbc@domainmarket.com,Male,52.50.206.231
410,Cate,Duigan,cduiganbd@e-recht24.de,Female,65.111.183.168
411,Maisie,Footitt,mfootittbe@mlb.com,Female,125.166.237.253
412,Galina,Oran,goranbf@salon.com,Non-binary,206.219.64.250
413,Elita,Miguel,emiguelbg@odnoklassniki.ru,Female,176.16.16.209
414,Patton,Attard,pattardbh@jugem.jp,Male,59.152.203.113
415,Annamaria,Peele,apeelebi@netvibes.com,Genderfluid,181.1.74.181
416,Jean,Batistelli,jbatistellibj@jiathis.com,Female,40.64.168.75
417,Pyotr,McGriele,pmcgrielebk@symantec.com,Male,151.4.92.85
418,Robena,Sarfat,rsarfatbl@typepad.com,Female,2.167.66.230
419,Stearne,Arrigucci,sarriguccibm@bizjournals.com,Male,218.69.38.213
420,Antoni,Deboy,adeboybn@pinterest.com,Male,197.68.19.63
421,Stephen,Loney,sloneybo@mapy.cz,Male,110.132.38.55
422,Ethelin,Luscott,eluscottbp@typepad.com,Female,197.58.111.151
423,Elvyn,MacCaffrey,emaccaffreybq@springer.com,Male,247.224.201.14
424,Odelle,Easen,oeasenbr@i2i.jp,Female,10.55.55.174
425,Nixie,De Simoni,ndesimonibs@nbcnews.com,Female,99.10.159.74
426,Chandal,Cordingly,ccordinglybt@moonfruit.com,Female,2.24.33.170
427,Silvio,Haydn,shaydnbu@qq.com,Male,10.93.217.31
428,Glad,Workman,gworkmanbv@dion.ne.jp,Female,19.134.149.57
429,Ike,Blaszkiewicz,iblaszkiewiczbw@apple.com,Male,121.171.110.163
430,Rainer,Abrahami,rabrahamibx@over-blog.com,Male,56.139.202.217
431,Vilhelmina,Graffham,vgraffhamby@independent.co.uk,Female,178.85.226.249
432,Felicio,Doige,fdoigebz@miibeian.gov.cn,Male,46.111.121.195
433,Muhammad,Coxon,mcoxonc0@home.pl,Genderfluid,178.32.21.216
434,Lettie,Oldford,loldfordc1@skype.com,Female,128.115.203.122
435,Gill,Hankins,ghankinsc2@cnet.com,Male,183.149.133.227
436,Carine,Galloway,cgallowayc3@weather.com,Female,124.97.174.236
437,Laurent,Florio,lflorioc4@cmu.edu,Male,46.178.163.203
438,Cathrine,Grishin,cgrishinc5@cnn.com,Female,80.238.78.225
439,Milton,McGivena,mmcgivenac6@ucoz.ru,Male,93.50.244.146
440,Raven,Priter,rpriterc7@dyndns.org,Female,106.252.87.79
441,Justen,Mahomet,jmahometc8@nsw.gov.au,Non-binary,78.11.123.156
442,Bellanca,Habard,bhabardc9@is.gd,Female,221.94.105.139
443,Tadd,Frail,tfrailca@cnet.com,Male,210.118.253.153
444,Nicko,Kerfut,nkerfutcb@seesaa.net,Male,36.231.38.35
445,Mariquilla,Vallintine,mvallintinecc@about.com,Female,106.140.218.65
446,Fabiano,Tourry,ftourrycd@gizmodo.com,Male,35.153.126.18
447,Nedi,Baistow,nbaistowce@nbcnews.com,Female,144.73.232.150
448,Mallissa,Labell,mlabellcf@nyu.edu,Female,219.179.66.51
449,Brunhilda,Pepye,bpepyecg@webs.com,Female,56.195.88.234
450,Mort,Fairbourne,mfairbournech@tinyurl.com,Male,226.76.136.91
451,Edik,Goodbar,egoodbarci@delicious.com,Male,143.83.68.235
452,Melanie,Jaan,mjaancj@sourceforge.net,Female,107.90.22.113
453,Ingeborg,Lohden,ilohdenck@sbwire.com,Female,185.62.28.57
454,Kordula,Lean,kleancl@economist.com,Female,230.96.145.85
455,Gratiana,Leafe,gleafecm@who.int,Female,114.1.26.192
456,Faith,Somerville,fsomervillecn@cmu.edu,Female,156.221.130.247
457,Herminia,Oliffe,holiffeco@oracle.com,Female,207.215.137.7
458,Tera,Magwood,tmagwoodcp@marriott.com,Genderqueer,216.56.24.114
459,Klarika,Moggach,kmoggachcq@pagesperso-orange.fr,Female,9.56.204.27
460,Melba,Nouch,mnouchcr@acquirethisname.com,Female,49.57.113.73
461,Cordell,Cullon,cculloncs@ed.gov,Male,15.114.60.255
462,Ilario,Salmons,isalmonsct@prweb.com,Male,5.136.27.71
463,Freemon,Glancy,fglancycu@sbwire.com,Male,145.232.171.131
464,Prent,Lenard,plenardcv@domainmarket.com,Male,163.160.158.104
465,Jerri,Sermin,jsermincw@sourceforge.net,Male,109.35.74.97
466,Kendricks,Elldred,kelldredcx@is.gd,Male,208.120.134.58
467,Koren,Stacy,kstacycy@redcross.org,Female,199.163.115.214
468,Wallie,Mertsching,wmertschingcz@bluehost.com,Male,55.83.226.205
469,Tally,Scamp,tscampd0@google.com.hk,Female,136.156.241.204
470,Deborah,Jansema,djansemad1@exblog.jp,Female,69.146.65.111
471,Jeannine,O'Neary,jonearyd2@archive.org,Female,63.140.81.59
472,Patience,Upward,pupwardd3@rakuten.co.jp,Female,100.173.4.62
473,Mitchael,Oven,movend4@i2i.jp,Male,243.189.249.39
474,Gabrila,Banasiak,gbanasiakd5@businessinsider.com,Female,148.132.245.189
475,Adore,Merriott,amerriottd6@nbcnews.com,Female,126.4.38.8
476,Kesley,Godbehere,kgodbehered7@wix.com,Female,190.231.22.220
477,Wainwright,Brumby,wbrumbyd8@auda.org.au,Polygender,86.163.154.122
478,Griswold,Bleibaum,gbleibaumd9@youku.com,Male,75.96.129.67
479,Rianon,Nulty,rnultyda@unblog.fr,Female,132.61.81.28
480,Dennie,Learmonth,dlearmonthdb@rakuten.co.jp,Female,225.217.131.83
481,Ranna,Doogood,rdoogooddc@mail.ru,Agender,45.105.135.36
482,Cami,Moses,cmosesdd@usnews.com,Female,35.44.14.151
483,Brietta,Shore,bshorede@delicious.com,Female,190.147.196.148
484,Geneva,Fogt,gfogtdf@ft.com,Female,216.78.174.22
485,Remus,Hazelgrove,rhazelgrovedg@cornell.edu,Male,226.149.198.194
486,Diarmid,Cronchey,dcroncheydh@java.com,Male,203.170.209.232
487,Jereme,Fields,jfieldsdi@clickbank.net,Polygender,235.186.1.22
488,Barris,Pecht,bpechtdj@csmonitor.com,Male,117.195.230.164
489,Archibold,Gabbatt,agabbattdk@businesswire.com,Genderfluid,224.59.128.191
490,Robbie,O'Dunniom,rodunniomdl@telegraph.co.uk,Male,242.217.24.194
491,Angele,Purkins,apurkinsdm@digg.com,Female,208.109.155.22
492,Roderigo,Loudon,rloudondn@telegraph.co.uk,Male,203.224.126.74
493,Bartolemo,Munden,bmundendo@rediff.com,Male,34.190.134.112
494,Eugenius,Van der Hoeven,evanderhoevendp@si.edu,Male,98.148.26.140
495,Kale,Tolwood,ktolwooddq@google.es,Male,144.32.215.236
496,Darcee,Ricciardi,dricciardidr@domainmarket.com,Female,82.109.130.220
497,Edith,Bolmann,ebolmannds@amazonaws.com,Female,103.210.250.81
498,Filberto,Balcock,fbalcockdt@istockphoto.com,Male,39.200.101.181
499,Heda,Malden,hmaldendu@scribd.com,Female,8.58.138.51
500,Carl,Noads,cnoadsdv@craigslist.org,Male,45.221.109.40
501,June,Lavies,jlaviesdw@utexas.edu,Female,79.48.196.69
502,Ailina,Wailes,awailesdx@friendfeed.com,Polygender,163.183.88.96
503,Flint,Jagielski,fjagielskidy@sina.com.cn,Male,203.137.27.15
504,Angela,Zorro,azorrodz@desdev.cn,Non-binary,32.148.57.129
505,Joceline,Mattiacci,jmattiaccie0@a8.net,Female,52.120.233.105
506,Ruby,Tolossi,rtolossie1@amazon.co.uk,Male,25.94.194.211
507,Elana,Tournie,etourniee2@csmonitor.com,Female,247.85.107.183
508,Merline,Pierson,mpiersone3@acquirethisname.com,Female,148.241.245.166
509,Diane-marie,Llewellin,dllewelline4@gizmodo.com,Female,202.69.180.3
510,Lonee,Goodenough,lgoodenoughe5@nps.gov,Female,174.239.170.13
511,Anne-marie,Hayton,ahaytone6@examiner.com,Agender,130.98.126.142
512,Lee,McNellis,lmcnellise7@mediafire.com,Male,144.50.122.37
513,Luce,Jursch,ljursche8@twitter.com,Female,226.105.55.102
514,April,Duker,adukere9@scribd.com,Genderfluid,247.68.162.81
515,Emlynn,Bromage,ebromageea@mail.ru,Female,228.105.190.30
516,Andris,Swanson,aswansoneb@cloudflare.com,Male,255.138.10.252
517,Marabel,Davidowsky,mdavidowskyec@yellowpages.com,Female,19.234.180.18
518,Aron,Kalkhoven,akalkhovened@ucoz.ru,Male,197.16.242.146
519,Devondra,Truckell,dtruckellee@friendfeed.com,Female,150.173.78.229
520,Carrissa,Puckinghorne,cpuckinghorneef@e-recht24.de,Female,27.231.36.208
521,Rosemonde,Genthner,rgenthnereg@altervista.org,Female,93.186.154.129
522,Chucho,St. Quentin,cstquentineh@qq.com,Male,254.190.178.152
523,Tamqrah,Kettleson,tkettlesonei@jiathis.com,Female,113.206.157.202
524,Natalee,Ewins,newinsej@amazon.com,Female,252.185.96.62
525,Paule,Huscroft,phuscroftek@yellowpages.com,Female,63.119.243.22
526,Waldo,Di Carli,wdicarliel@domainmarket.com,Male,10.28.3.7
527,Valina,Daintree,vdaintreeem@webmd.com,Female,153.157.248.164
528,Ruthy,McConachie,rmcconachieen@census.gov,Female,87.41.129.105
529,Karlotta,Finneran,kfinneraneo@businesswire.com,Female,244.179.71.89
530,Margarethe,Minnis,mminnisep@blogs.com,Genderfluid,51.206.87.158
531,Bjorn,Facer,bfacereq@bizjournals.com,Male,106.184.30.222
532,Pepillo,Sponton,pspontoner@sciencedaily.com,Male,97.91.115.226
533,Selinda,McGuiney,smcguineyes@issuu.com,Female,171.132.107.102
534,Dannie,Breitling,dbreitlinget@dmoz.org,Bigender,45.31.81.249
535,Estevan,Turbill,eturbilleu@infoseek.co.jp,Male,65.28.125.232
536,Perice,McLaughlin,pmclaughlinev@disqus.com,Male,126.205.104.89
537,Annalee,Edelheit,aedelheitew@miibeian.gov.cn,Female,86.232.17.161
538,Granny,Evelyn,gevelynex@theguardian.com,Genderqueer,42.53.248.90
539,Chris,Gorham,cgorhamey@issuu.com,Male,30.16.157.15
540,Shannon,Branston,sbranstonez@google.com.hk,Female,124.205.249.57
541,Vaclav,Lutas,vlutasf0@ed.gov,Male,14.62.141.223
542,Petr,Ceci,pcecif1@storify.com,Bigender,46.210.64.201
543,Orsola,Finlaison,ofinlaisonf2@sitemeter.com,Female,176.65.74.37
544,Rozele,California,rcaliforniaf3@com.com,Female,212.55.84.54
545,Pascale,Aleksich,paleksichf4@utexas.edu,Male,52.196.15.39
546,Allistir,Gatheral,agatheralf5@cbsnews.com,Male,74.182.231.79
547,Sianna,Tulloch,stullochf6@nsw.gov.au,Female,102.83.49.191
548,Gary,Meadows,gmeadowsf7@icio.us,Male,178.44.162.120
549,Bard,Ashton,bashtonf8@patch.com,Male,86.254.24.45
550,Norry,Ramel,nramelf9@forbes.com,Male,142.244.250.35
551,Coral,Kitchenside,ckitchensidefa@github.io,Female,176.26.250.7
552,Ulick,Kirimaa,ukirimaafb@scientificamerican.com,Male,40.151.188.203
553,Wylie,Biasioni,wbiasionifc@umn.edu,Male,68.38.151.8
554,Reid,Sneyd,rsneydfd@bigcartel.com,Male,44.180.209.100
555,Gideon,Sturmey,gsturmeyfe@nifty.com,Male,157.120.19.19
556,Mathew,Domino,mdominoff@smugmug.com,Male,154.148.52.103
557,Eryn,Rizzo,erizzofg@dagondesign.com,Female,215.209.150.64
558,Jeromy,Hatliff,jhatlifffh@wunderground.com,Male,220.108.103.109
559,Joannes,Overal,joveralfi@latimes.com,Female,210.84.94.102
560,Jodi,Lineham,jlinehamfj@biblegateway.com,Male,85.89.76.19
561,Dulcy,Matteacci,dmatteaccifk@tmall.com,Female,109.205.0.57
562,Johannes,Albon,jalbonfl@dropbox.com,Male,94.48.124.107
563,Darrell,Elington,delingtonfm@xing.com,Male,67.43.149.88
564,Consalve,McConway,cmcconwayfn@pcworld.com,Male,251.170.6.50
565,Bent,La Padula,blapadulafo@feedburner.com,Male,9.99.79.201
566,Jamima,Muress,jmuressfp@tinyurl.com,Female,233.44.185.12
567,Zelda,Greenrde,zgreenrdefq@wiley.com,Female,242.72.169.173
568,Joan,Grierson,jgriersonfr@yandex.ru,Genderqueer,211.5.10.50
569,Adara,Talboy,atalboyfs@google.cn,Female,179.175.53.180
570,Marin,Parnaby,mparnabyft@mapy.cz,Agender,168.242.45.139
571,Christan,Mulberry,cmulberryfu@nhs.uk,Female,30.225.111.122
572,Ruddy,Anglim,ranglimfv@fastcompany.com,Non-binary,110.216.54.244
573,Sanford,McNeilly,smcneillyfw@msn.com,Male,48.10.102.4
574,Bibi,Boothe,bboothefx@dot.gov,Female,141.254.152.18
575,Adamo,Rasch,araschfy@slideshare.net,Male,151.9.244.248
576,Vassily,Mapstone,vmapstonefz@newsvine.com,Male,159.65.159.19
577,Ward,Upston,wupstong0@npr.org,Male,147.15.103.199
578,Carena,Bawden,cbawdeng1@blog.com,Female,85.242.115.189
579,Adina,Doerrling,adoerrlingg2@pen.io,Female,188.53.43.121
580,Alena,Blyth,ablythg3@craigslist.org,Female,200.86.130.213
581,Abagail,Brodbin,abrodbing4@arstechnica.com,Female,166.234.253.222
582,Carolan,Kemish,ckemishg5@dedecms.com,Female,210.27.240.130
583,Charlena,McLachlan,cmclachlang6@unesco.org,Female,173.22.39.145
584,Raffarty,Ogborne,rogborneg7@ibm.com,Male,246.253.6.234
585,Ashley,Inchcomb,ainchcombg8@ebay.com,Female,83.125.180.158
586,Lavena,Petters,lpettersg9@desdev.cn,Female,185.126.192.97
587,Eduino,Lowless,elowlessga@earthlink.net,Male,141.180.152.152
588,Jerome,Gribble,jgribblegb@loc.gov,Non-binary,206.141.19.37
589,Sheffie,Marchington,smarchingtongc@multiply.com,Male,210.196.38.84
590,Hugo,Davis,hdavisgd@cloudflare.com,Male,75.169.137.104
591,Elliot,Gilbanks,egilbanksge@ca.gov,Male,69.187.242.15
592,Waylan,Cadney,wcadneygf@nps.gov,Male,254.230.105.138
593,George,Guillem,gguillemgg@php.net,Male,5.117.68.227
594,Ashton,Oakhill,aoakhillgh@businessinsider.com,Male,208.172.105.216
595,Flore,De Stoop,fdestoopgi@usnews.com,Female,241.112.59.75
596,Patin,Lazar,plazargj@tumblr.com,Male,232.234.78.188
597,Haywood,Buckell,hbuckellgk@fc2.com,Male,171.218.78.184
598,Marlowe,Quinton,mquintongl@google.co.uk,Male,80.58.191.0
599,Tamera,Scurlock,tscurlockgm@sbwire.com,Female,200.137.43.71
600,Flo,Tremblay,ftremblaygn@icio.us,Female,243.9.177.129
601,Baryram,Whiteside,bwhitesidego@cnn.com,Male,98.58.13.37
602,Misha,Willcock,mwillcockgp@alibaba.com,Female,209.30.246.74
603,Cairistiona,Brosel,cbroselgq@elegantthemes.com,Female,82.6.67.51
604,Nickolaus,Rubertelli,nrubertelligr@tiny.cc,Male,221.210.57.96
605,Trace,Blade,tbladegs@columbia.edu,Male,3.161.33.133
606,Gordie,Goathrop,ggoathropgt@hugedomains.com,Male,104.70.130.131
607,Martie,Haythornthwaite,mhaythornthwaitegu@kickstarter.com,Female,151.232.112.51
608,Minetta,Van Oord,mvanoordgv@imgur.com,Non-binary,100.203.30.70
609,Alena,Cavanaugh,acavanaughgw@mozilla.com,Female,87.35.98.77
610,Agretha,Taggert,ataggertgx@360.cn,Female,7.230.100.251
611,Rebecka,Whodcoat,rwhodcoatgy@nasa.gov,Female,191.70.220.90
612,Taite,Gabel,tgabelgz@ifeng.com,Male,166.101.43.60
613,Bren,Clapp,bclapph0@comcast.net,Female,166.86.71.66
614,Rosemaria,Moodie,rmoodieh1@de.vu,Bigender,25.96.31.10
615,Mikkel,Niles,mnilesh2@webs.com,Male,90.15.14.85
616,Rachelle,Androletti,randrolettih3@ucoz.ru,Female,186.36.185.212
617,Jackquelin,Bennion,jbennionh4@google.nl,Female,83.160.119.252
618,Darnall,Franies,dfraniesh5@devhub.com,Male,186.166.185.24
619,Galven,Jerome,gjeromeh6@intel.com,Male,94.69.170.242
620,Kiley,Baudins,kbaudinsh7@opera.com,Female,8.83.251.7
621,Joachim,Lambarton,jlambartonh8@hibu.com,Male,165.252.21.122
622,Catie,Liddy,cliddyh9@wikipedia.org,Female,45.245.83.168
623,Lyell,Marl,lmarlha@cam.ac.uk,Male,43.94.35.124
624,Cyrille,Sute,csutehb@aboutads.info,Male,212.5.102.63
625,Sonya,Holhouse,sholhousehc@dropbox.com,Female,187.98.144.149
626,Sascha,Poppy,spoppyhd@over-blog.com,Polygender,4.114.178.33
627,Cecilia,Isabell,cisabellhe@hostgator.com,Female,4.38.7.248
628,Irvin,Rock,irockhf@google.cn,Male,98.194.122.169
629,Merry,Taffe,mtaffehg@barnesandnoble.com,Female,3.99.243.34
630,Artemas,Cattrall,acattrallhh@flickr.com,Male,46.117.95.240
631,Gardiner,Mabbe,gmabbehi@opensource.org,Male,236.140.211.92
632,Olivero,Trew,otrewhj@opensource.org,Polygender,62.121.158.167
633,Danit,Tappor,dtapporhk@cdbaby.com,Female,235.147.22.243
634,Toiboid,Patillo,tpatillohl@mashable.com,Agender,130.189.212.1
635,Roxie,Jorczyk,rjorczykhm@aboutads.info,Female,76.171.40.30
636,Janene,Hubatsch,jhubatschhn@sfgate.com,Female,236.158.244.139
637,Gino,Coste,gcosteho@weather.com,Male,56.80.239.207
638,Malachi,Cornier,mcornierhp@skype.com,Male,25.184.238.129
639,Gannon,Borrett,gborretthq@squarespace.com,Male,58.183.159.73
640,Waylen,Burtwhistle,wburtwhistlehr@prlog.org,Male,112.202.148.196
641,Caron,Wingatt,cwingatths@msn.com,Female,224.58.255.143
642,Barbabra,O'Fallowne,bofallowneht@theatlantic.com,Female,254.149.96.69
643,Ignacio,Deniseau,ideniseauhu@cmu.edu,Male,189.35.189.180
644,Gabriello,Paoletto,gpaolettohv@businessweek.com,Male,18.45.90.110
645,Sapphire,Lashmar,slashmarhw@cloudflare.com,Female,251.155.53.208
646,Ty,Fills,tfillshx@photobucket.com,Male,163.104.251.208
647,Sarge,McGray,smcgrayhy@pagesperso-orange.fr,Male,134.126.98.86
648,Coraline,Moyes,cmoyeshz@yahoo.com,Female,61.155.82.207
649,Terra,Skepper,tskepperi0@ovh.net,Female,128.52.144.109
650,Immanuel,Fee,ifeei1@drupal.org,Male,138.58.242.255
651,Ilario,Kevis,ikevisi2@state.tx.us,Male,208.144.41.74
652,Thornie,Snel,tsneli3@51.la,Male,129.50.222.188
653,Abel,Glide,aglidei4@cdc.gov,Male,216.235.155.35
654,Calli,Bagott,cbagotti5@google.cn,Female,40.130.166.207
655,Carmon,Forsdike,cforsdikei6@boston.com,Bigender,131.91.7.251
656,Rollins,Disley,rdisleyi7@studiopress.com,Male,216.110.5.174
657,Winfield,Orcott,worcotti8@comcast.net,Male,86.70.17.36
658,Becki,Dumbrell,bdumbrelli9@columbia.edu,Female,21.64.24.226
659,Ophelie,Keogh,okeoghia@mtv.com,Female,214.172.207.242
660,Christel,Edinburough,cedinburoughib@columbia.edu,Female,51.213.179.162
661,Shaine,Floyed,sfloyedic@google.fr,Female,158.34.48.192
662,Joice,Martinson,jmartinsonid@vimeo.com,Female,123.227.129.62
663,Ferrel,Belfelt,fbelfeltie@xinhuanet.com,Male,228.36.215.239
664,Barrett,Sydry,bsydryif@independent.co.uk,Male,90.95.237.87
665,Timmie,Leipold,tleipoldig@gmpg.org,Female,122.179.141.173
666,Stanley,Ege,segeih@netlog.com,Male,160.90.164.197
667,Chip,MacCaull,cmaccaullii@i2i.jp,Male,233.114.164.24
668,Janella,Sives,jsivesij@merriam-webster.com,Female,90.173.218.221
669,Regan,Coupar,rcouparik@lycos.com,Female,98.237.57.135
670,Catriona,Woodward,cwoodwardil@naver.com,Female,40.132.40.150
671,Lisle,Reis,lreisim@wordpress.org,Male,195.40.53.237
672,Leigh,Stummeyer,lstummeyerin@foxnews.com,Female,241.36.165.122
673,Stephen,Stubbins,sstubbinsio@epa.gov,Genderqueer,63.31.38.225
674,Nora,Kilfedder,nkilfedderip@foxnews.com,Female,40.250.176.182
675,Florette,Trowell,ftrowelliq@buzzfeed.com,Female,43.21.172.178
676,Roseanne,Eversley,reversleyir@reverbnation.com,Female,28.80.147.161
677,Barbi,Oddboy,boddboyis@cyberchimps.com,Female,68.233.87.167
678,Barton,Gaiter,bgaiterit@google.cn,Male,12.164.90.145
679,Florie,Perulli,fperulliiu@last.fm,Female,140.214.3.64
680,Freddy,Schooley,fschooleyiv@trellian.com,Female,94.160.150.157
681,Ward,Francescone,wfrancesconeiw@economist.com,Male,181.17.104.246
682,Marten,Allchin,mallchinix@state.gov,Male,28.3.48.95
683,Gratia,Gagie,ggagieiy@yellowbook.com,Non-binary,135.31.251.108
684,Alley,Hartford,ahartfordiz@hatena.ne.jp,Male,214.203.91.28
685,Dominik,Baudacci,dbaudaccij0@nydailynews.com,Male,96.183.0.149
686,Norean,Kennicott,nkennicottj1@cmu.edu,Bigender,114.112.158.3
687,Gerald,Weben,gwebenj2@blogtalkradio.com,Male,5.64.249.149
688,Heindrick,Dewdeny,hdewdenyj3@lulu.com,Agender,211.32.110.212
689,Joshuah,Wadesworth,jwadesworthj4@studiopress.com,Male,132.94.12.131
690,Sinclare,Becraft,sbecraftj5@scientificamerican.com,Male,72.178.213.159
691,Marlena,Basili,mbasilij6@goo.ne.jp,Female,23.244.119.166
692,Susanetta,Elmore,selmorej7@spiegel.de,Female,68.177.199.6
693,Skylar,Bilbee,sbilbeej8@flickr.com,Male,208.114.138.176
694,Kile,Gerson,kgersonj9@freewebs.com,Male,190.120.208.42
695,Odell,Powley,opowleyja@loc.gov,Polygender,5.115.42.116
696,Warden,Tuite,wtuitejb@wikispaces.com,Male,235.124.134.255
697,Lurleen,Heine,lheinejc@google.it,Female,192.231.181.148
698,Francene,Payler,fpaylerjd@forbes.com,Female,80.83.143.92
699,Aguistin,Digg,adiggje@123-reg.co.uk,Male,254.25.185.32
700,Reginauld,Haveline,rhavelinejf@forbes.com,Male,65.76.199.191
701,Laurena,Trew,ltrewjg@engadget.com,Female,252.17.196.4
702,Robbert,Sabban,rsabbanjh@youtu.be,Male,1.165.168.89
703,Zorana,Sprules,zsprulesji@joomla.org,Female,227.131.16.74
704,Mauricio,McAloren,mmcalorenjj@list-manage.com,Male,216.167.161.170
705,Greggory,Moss,gmossjk@google.com.br,Male,154.237.159.240
706,Rayshell,Schlag,rschlagjl@weibo.com,Female,208.3.105.112
707,Dillie,Fasson,dfassonjm@merriam-webster.com,Male,162.187.62.96
708,Ivy,Yanshin,iyanshinjn@seattletimes.com,Female,91.60.151.94
709,Lanita,Boissieux,lboissieuxjo@miibeian.gov.cn,Female,247.91.54.5
710,Romola,Pittendreigh,rpittendreighjp@ucla.edu,Female,123.130.29.159
711,Benny,Livingston,blivingstonjq@hao123.com,Male,254.72.218.244
712,Phineas,Umney,pumneyjr@uiuc.edu,Male,104.219.183.36
713,Zorine,Arber,zarberjs@netvibes.com,Genderfluid,205.230.36.6
714,Tildy,Bambery,tbamberyjt@hugedomains.com,Female,135.255.242.236
715,Maridel,Humbee,mhumbeeju@arstechnica.com,Female,203.192.253.243
716,Conni,Laxe,claxejv@eepurl.com,Female,240.127.245.180
717,Kamilah,Casier,kcasierjw@squidoo.com,Female,160.160.38.28
718,Tania,Roddam,troddamjx@acquirethisname.com,Female,21.35.239.42
719,Lillian,Gilgryst,lgilgrystjy@google.co.jp,Female,4.17.124.154
720,Davie,True,dtruejz@cmu.edu,Male,71.71.107.129
721,Estrellita,Bardwall,ebardwallk0@epa.gov,Female,193.50.236.127
722,Prissie,Bees,pbeesk1@friendfeed.com,Female,241.186.124.226
723,Constancy,Cambridge,ccambridgek2@sohu.com,Female,3.77.186.4
724,Ailee,Arnoldi,aarnoldik3@twitter.com,Female,95.71.233.124
725,Lemmy,Aloigi,laloigik4@hostgator.com,Male,226.176.168.224
726,Adaline,Vowles,avowlesk5@hubpages.com,Female,54.108.153.45
727,Lemar,Petty,lpettyk6@hud.gov,Male,103.173.58.227
728,Bartie,Suddaby,bsuddabyk7@redcross.org,Non-binary,145.179.152.228
729,Pryce,Giannasi,pgiannasik8@jigsy.com,Polygender,172.13.64.51
730,Joel,Trout,jtroutk9@constantcontact.com,Male,203.11.99.51
731,Barbabas,Pear,bpearka@amazon.com,Male,80.205.65.64
732,Brannon,Alvey,balveykb@rambler.ru,Male,67.17.244.127
733,Peter,Tipple,ptipplekc@prnewswire.com,Male,159.190.125.18
734,Russell,Kiebes,rkiebeskd@newyorker.com,Male,179.116.205.154
735,Arleen,Pedreschi,apedreschike@toplist.cz,Female,205.246.230.166
736,Rafaelita,Smaling,rsmalingkf@aboutads.info,Female,206.141.26.182
737,Doro,Gratten,dgrattenkg@toplist.cz,Female,113.39.79.159
738,Griff,Pavett,gpavettkh@multiply.com,Male,97.161.94.151
739,Evonne,Rops,eropski@usatoday.com,Female,116.11.18.32
740,Sherye,Label,slabelkj@prnewswire.com,Female,44.47.233.69
741,Red,Giacomuzzi,rgiacomuzzikk@washington.edu,Male,27.193.214.207
742,Clayborne,Flieger,cfliegerkl@hubpages.com,Male,10.65.242.197
743,Moria,McCloughlin,mmccloughlinkm@gov.uk,Female,43.158.31.8
744,Gustaf,Rulf,grulfkn@jimdo.com,Male,121.3.36.221
745,Iggie,O'Nolan,ionolanko@simplemachines.org,Male,254.20.39.179
746,Demetria,Lantuff,dlantuffkp@npr.org,Female,6.94.99.164
747,Hildegaard,Elcock,helcockkq@t.co,Female,1.84.115.52
748,Desiree,Filasov,dfilasovkr@deviantart.com,Female,191.1.226.27
749,Zilvia,Aldine,zaldineks@dagondesign.com,Bigender,233.43.212.124
750,Timmi,Coffee,tcoffeekt@latimes.com,Female,34.242.166.22
751,Joanne,Dilleston,jdillestonku@cbc.ca,Female,65.18.126.58
752,Hallsy,Douberday,hdouberdaykv@howstuffworks.com,Male,232.117.86.104
753,Chaim,Edmeads,cedmeadskw@bandcamp.com,Male,243.244.187.57
754,Viv,Frood,vfroodkx@cbsnews.com,Female,137.226.22.76
755,Karrah,Brinson,kbrinsonky@ed.gov,Female,156.184.46.187
756,Stanwood,Gutsell,sgutsellkz@theguardian.com,Polygender,51.207.159.232
757,Ulberto,Knox,uknoxl0@dyndns.org,Male,239.25.14.238
758,Ward,Packe,wpackel1@usgs.gov,Male,189.202.142.88
759,Dorotea,Crone,dcronel2@blinklist.com,Female,154.64.192.54
760,Harry,McGeever,hmcgeeverl3@ameblo.jp,Male,165.43.88.212
761,Eleanora,Bonick,ebonickl4@tmall.com,Female,14.6.199.4
762,Pippy,Lofts,ploftsl5@etsy.com,Female,125.233.80.47
763,Corena,Romanetti,cromanettil6@sourceforge.net,Female,72.25.93.32
764,Gideon,Cubley,gcubleyl7@qq.com,Male,131.42.63.188
765,Etti,Markus,emarkusl8@census.gov,Female,105.185.28.16
766,Wenona,Igo,wigol9@buzzfeed.com,Female,55.121.160.158
767,Tasia,Mawhinney,tmawhinneyla@wordpress.com,Female,160.214.240.209
768,Raynard,Beeho,rbeeholb@oakley.com,Male,69.16.108.2
769,Grantley,Gunnell,ggunnelllc@bbc.co.uk,Genderfluid,194.213.244.233
770,Nelie,Valentin,nvalentinld@liveinternet.ru,Female,207.89.222.4
771,Alwyn,MacCafferky,amaccafferkyle@ucoz.com,Male,26.186.39.65
772,Merwin,Bodleigh,mbodleighlf@mayoclinic.com,Male,135.100.135.61
773,Connie,Bedburrow,cbedburrowlg@moonfruit.com,Male,75.1.239.7
774,Levon,Andreuzzi,landreuzzilh@multiply.com,Male,50.251.181.53
775,Marice,Merton,mmertonli@independent.co.uk,Female,139.213.76.54
776,Codi,Pimley,cpimleylj@sbwire.com,Male,248.154.152.177
777,Sonny,Scholefield,sscholefieldlk@instagram.com,Female,97.177.191.8
778,Portia,Cartwight,pcartwightll@pcworld.com,Agender,249.92.34.235
779,Marlowe,Taylder,mtaylderlm@typepad.com,Male,20.242.81.183
780,Nobe,Brader,nbraderln@chronoengine.com,Male,146.197.1.155
781,Rochelle,Steven,rstevenlo@wikipedia.org,Female,76.89.252.27
782,Lenee,Meadows,lmeadowslp@e-recht24.de,Female,178.133.91.240
783,Cassondra,Monni,cmonnilq@php.net,Female,90.15.133.122
784,Dee,Aitcheson,daitchesonlr@guardian.co.uk,Female,250.232.197.123
785,Paxon,Tromans,ptromansls@wikispaces.com,Male,169.23.242.200
786,Corine,Matevushev,cmatevushevlt@hhs.gov,Female,49.239.193.197
787,Kimmi,Brailsford,kbrailsfordlu@senate.gov,Female,11.93.100.32
788,Carlynn,Doudney,cdoudneylv@ustream.tv,Female,140.207.85.35
789,Chan,Rupel,crupellw@e-recht24.de,Male,3.69.29.201
790,Cory,Britch,cbritchlx@networkadvertising.org,Male,163.42.39.90
791,Fairleigh,Beasleigh,fbeasleighly@biblegateway.com,Male,106.230.116.159
792,Lia,Noads,lnoadslz@bluehost.com,Female,198.113.51.34
793,Ramsey,Vear,rvearm0@pinterest.com,Male,45.29.161.217
794,Emmalynn,Garman,egarmanm1@vistaprint.com,Female,57.194.68.167
795,Kippy,Rapa,krapam2@sakura.ne.jp,Female,89.192.88.31
796,Diahann,Kingswold,dkingswoldm3@youtube.com,Polygender,158.128.24.89
797,Gloriane,Mazonowicz,gmazonowiczm4@goo.gl,Female,242.118.81.219
798,Witty,Brabham,wbrabhamm5@tumblr.com,Male,64.221.53.5
799,Haily,Massow,hmassowm6@zdnet.com,Female,51.194.132.239
800,Fianna,Coarser,fcoarserm7@prlog.org,Bigender,172.164.55.233
801,Dulcie,Trappe,dtrappem8@ucsd.edu,Female,210.99.255.103
802,Janot,Canet,jcanetm9@imgur.com,Female,189.44.130.85
803,Doralin,Coton,dcotonma@amazon.co.uk,Female,10.45.26.68
804,Umberto,Storie,ustoriemb@webmd.com,Male,215.75.76.27
805,Andie,Judson,ajudsonmc@meetup.com,Female,42.91.61.172
806,Vite,Gilchriest,vgilchriestmd@51.la,Male,192.143.37.226
807,Serge,Chelam,schelamme@google.es,Male,125.91.81.51
808,Buffy,Hankard,bhankardmf@geocities.jp,Female,245.239.16.70
809,Traver,Coltherd,tcoltherdmg@baidu.com,Male,214.6.249.188
810,Amos,Draude,adraudemh@adobe.com,Male,218.69.242.131
811,Yorgo,Mower,ymowermi@admin.ch,Male,104.118.202.229
812,Merwin,Dymond,mdymondmj@nyu.edu,Male,7.180.44.225
813,Westbrook,Scrowston,wscrowstonmk@github.com,Male,73.176.71.159
814,Laurent,M'Quhan,lmquhanml@rakuten.co.jp,Male,219.18.49.165
815,Brendan,Grestye,bgrestyemm@wikia.com,Male,46.150.151.222
816,Lorena,Swatridge,lswatridgemn@pbs.org,Female,220.59.197.200
817,Sheilakathryn,Sweetland,ssweetlandmo@phpbb.com,Female,219.81.137.10
818,Siusan,Huggett,shuggettmp@disqus.com,Female,12.40.248.21
819,Maurizio,Glas,mglasmq@1688.com,Male,46.129.243.206
820,Ethelin,Cockran,ecockranmr@deviantart.com,Female,178.255.154.222
821,Chaim,Lundbeck,clundbeckms@issuu.com,Male,165.25.185.0
822,Tamar,Mulliss,tmullissmt@mediafire.com,Non-binary,163.87.103.117
823,Dawn,Look,dlookmu@pagesperso-orange.fr,Female,174.241.27.201
824,Blythe,Wingeatt,bwingeattmv@1und1.de,Female,45.34.59.115
825,Bambi,Hundy,bhundymw@barnesandnoble.com,Female,44.119.148.191
826,Tabina,Domenicone,tdomeniconemx@netvibes.com,Female,119.131.68.31
827,Hillard,Eton,hetonmy@mlb.com,Male,67.135.237.126
828,Dalli,Emberton,dembertonmz@cornell.edu,Male,67.90.49.49
829,Joline,Daulton,jdaultonn0@dot.gov,Female,4.45.239.26
830,Lothaire,Bozward,lbozwardn1@theglobeandmail.com,Male,19.148.95.166
831,Parke,Cowell,pcowelln2@ucsd.edu,Male,118.168.17.14
832,Laurena,Oakshott,loakshottn3@umich.edu,Female,128.106.12.219
833,Lisha,Dockrell,ldockrelln4@livejournal.com,Bigender,143.84.73.176
834,Cart,Waumsley,cwaumsleyn5@blogger.com,Male,120.241.231.57
835,Torrence,Dowrey,tdowreyn6@skype.com,Male,24.164.30.48
836,Ike,Reglar,ireglarn7@jalbum.net,Male,149.9.124.127
837,Filberte,Rannells,frannellsn8@virginia.edu,Male,134.240.118.100
838,Savina,Braunroth,sbraunrothn9@wiley.com,Female,219.130.93.189
839,Coop,Bufton,cbuftonna@accuweather.com,Male,172.203.220.6
840,Walden,Tweedlie,wtweedlienb@msu.edu,Agender,112.141.123.194
841,Hammad,Hollingby,hhollingbync@sphinn.com,Male,126.145.2.226
842,Lucien,Conduit,lconduitnd@theguardian.com,Male,254.19.59.117
843,Thorny,Binder,tbinderne@buzzfeed.com,Male,72.253.234.212
844,Shaughn,Murrie,smurrienf@auda.org.au,Male,172.102.156.111
845,Rayshell,Rozet,rrozetng@odnoklassniki.ru,Female,128.68.110.82
846,Clo,Schuchmacher,cschuchmachernh@theglobeandmail.com,Female,102.94.186.99
847,Fred,Darte,fdarteni@google.ru,Female,144.95.222.238
848,Maurizia,Korfmann,mkorfmannnj@livejournal.com,Female,152.56.171.23
849,Myrwyn,Oddy,moddynk@jugem.jp,Male,77.231.46.108
850,Frants,Shoebotham,fshoebothamnl@ucsd.edu,Male,219.241.187.9
851,Carly,Pughsley,cpughsleynm@youku.com,Female,112.200.241.207
852,Siffre,Haggarty,shaggartynn@addthis.com,Male,79.199.184.151
853,Mara,Suthren,msuthrenno@domainmarket.com,Female,178.69.225.67
854,Cassie,Collisson,ccollissonnp@google.fr,Bigender,116.69.97.150
855,Gualterio,Kinnard,gkinnardnq@rambler.ru,Male,91.29.48.46
856,Evvy,Jendrys,ejendrysnr@privacy.gov.au,Female,82.72.161.89
857,Bobine,McBrier,bmcbrierns@taobao.com,Agender,26.190.149.96
858,Dexter,Rowan,drowannt@mysql.com,Male,120.96.113.141
859,Saunderson,Scrase,sscrasenu@friendfeed.com,Male,221.33.115.124
860,Fernando,Wrintmore,fwrintmorenv@ow.ly,Male,73.212.187.148
861,Jeno,Curreen,jcurreennw@ed.gov,Male,3.0.56.93
862,Tania,Hayen,thayennx@earthlink.net,Bigender,247.48.18.160
863,Tandi,Arnott,tarnottny@kickstarter.com,Female,133.241.147.136
864,Ingelbert,Ruppeli,iruppelinz@com.com,Male,5.0.151.224
865,Alfie,Orrick,aorricko0@dmoz.org,Male,0.118.110.218
866,Sydney,Laugherane,slaugheraneo1@mlb.com,Male,88.80.1.189
867,Niki,Treherne,ntreherneo2@si.edu,Male,137.138.116.149
868,Cosimo,Cortin,ccortino3@amazon.co.jp,Male,207.175.136.75
869,Hendrik,Dangerfield,hdangerfieldo4@telegraph.co.uk,Male,87.44.254.110
870,Ode,Gerriet,ogerrieto5@nba.com,Male,178.56.52.7
871,Lindsay,Balf,lbalfo6@pbs.org,Male,132.64.130.48
872,Isidor,Inkin,iinkino7@msu.edu,Male,154.193.204.155
873,Shurlocke,Burk,sburko8@biglobe.ne.jp,Male,53.148.92.34
874,Travers,Rimington,trimingtono9@4shared.com,Male,46.41.72.169
875,Cesar,Billington,cbillingtonoa@senate.gov,Male,175.135.223.243
876,Julita,Lynnett,jlynnettob@bing.com,Female,146.90.216.11
877,Esmeralda,Meads,emeadsoc@ow.ly,Female,230.30.147.127
878,Caz,Reason,creasonod@howstuffworks.com,Male,211.81.98.94
879,Christian,Hackly,chacklyoe@vinaora.com,Male,64.4.86.166
880,Elianore,Mouatt,emouattof@bravesites.com,Female,164.47.113.2
881,Hillery,O'Shirine,hoshirineog@shop-pro.jp,Male,99.50.208.24
882,Enrico,Mapplebeck,emapplebeckoh@odnoklassniki.ru,Male,151.158.131.138
883,Glennie,Dugald,gdugaldoi@mac.com,Female,50.9.109.165
884,Melodie,Owers,mowersoj@twitpic.com,Female,30.90.179.233
885,Serge,Michiel,smichielok@unblog.fr,Male,232.12.173.222
886,Rubin,Heffernon,rheffernonol@jalbum.net,Male,239.169.160.72
887,Gorden,Deppen,gdeppenom@slideshare.net,Male,44.139.21.186
888,Haroun,Demougeot,hdemougeoton@ehow.com,Male,96.90.141.234
889,Franciska,Semiras,fsemirasoo@indiatimes.com,Female,219.206.51.191
890,Yolanthe,Hayzer,yhayzerop@wiley.com,Female,58.202.194.253
891,Sax,Dencs,sdencsoq@wikia.com,Male,11.233.120.161
892,Renae,Scone,rsconeor@timesonline.co.uk,Female,73.86.33.234
893,Muire,Elfleet,melfleetos@huffingtonpost.com,Female,109.133.59.145
894,Chance,Dunge,cdungeot@amazon.co.jp,Male,224.236.61.90
895,Jeniffer,Paddeley,jpaddeleyou@ft.com,Female,21.138.238.150
896,Eleonora,Pingston,epingstonov@amazonaws.com,Female,91.185.136.204
897,Vanya,McAvey,vmcaveyow@dell.com,Male,43.83.227.3
898,Diann,Bourges,dbourgesox@cbslocal.com,Female,13.187.82.246
899,L;urette,Steuart,lsteuartoy@google.de,Polygender,7.236.114.25
900,Philbert,Stanyforth,pstanyforthoz@techcrunch.com,Male,254.56.220.84
901,Elonore,Seage,eseagep0@nba.com,Polygender,188.7.156.154
902,Caril,Pichan,cpichanp1@hexun.com,Female,128.115.245.20
903,Bobbie,Elbourne,belbournep2@hubpages.com,Female,147.106.60.50
904,Chancey,Costen,ccostenp3@oakley.com,Male,24.245.5.250
905,Phip,Huey,phueyp4@elegantthemes.com,Male,140.71.23.235
906,Farlay,Caroll,fcarollp5@weather.com,Male,228.143.78.18
907,Aggy,MacCracken,amaccrackenp6@craigslist.org,Female,133.180.114.71
908,Stephi,Quartley,squartleyp7@livejournal.com,Female,32.201.233.51
909,Cherin,Othick,cothickp8@livejournal.com,Female,69.96.26.171
910,Jemmy,Jachimak,jjachimakp9@indiegogo.com,Female,124.149.142.128
911,Lowe,Mirando,lmirandopa@weather.com,Male,234.214.86.94
912,Berna,Haggus,bhagguspb@comsenz.com,Female,161.201.7.40
913,Kelley,Brock,kbrockpc@hibu.com,Female,197.16.194.60
914,Boothe,Tyhurst,btyhurstpd@studiopress.com,Male,121.14.138.102
915,Burt,Kliement,bkliementpe@rakuten.co.jp,Male,14.48.88.214
916,Emelen,Scholer,escholerpf@lulu.com,Male,90.78.189.87
917,Annadiane,Connock,aconnockpg@vistaprint.com,Female,232.48.128.84
918,Isabella,Tanswill,itanswillph@netscape.com,Female,160.111.64.23
919,Kelila,Hillaby,khillabypi@globo.com,Genderfluid,186.73.198.96
920,Pru,Brunelli,pbrunellipj@sfgate.com,Female,235.88.190.250
921,Constantine,Lindwasser,clindwasserpk@slideshare.net,Male,23.83.247.52
922,Olva,Selburn,oselburnpl@sourceforge.net,Female,108.246.108.174
923,Angeli,Phillcock,aphillcockpm@squidoo.com,Male,27.157.84.178
924,Jeri,Punt,jpuntpn@independent.co.uk,Female,184.233.247.153
925,Teddie,Rispen,trispenpo@google.nl,Male,150.39.251.75
926,Desdemona,Fiddy,dfiddypp@blinklist.com,Female,236.2.41.17
927,Deana,Adnet,dadnetpq@thetimes.co.uk,Female,138.72.219.206
928,Tove,Lampbrecht,tlampbrechtpr@answers.com,Female,13.79.35.212
929,Simeon,McKevin,smckevinps@surveymonkey.com,Male,148.14.20.81
930,Ruthe,Honnicott,rhonnicottpt@nhs.uk,Female,171.42.247.173
931,Broddie,Abdie,babdiepu@hao123.com,Male,69.87.204.172
932,Leopold,Waszczykowski,lwaszczykowskipv@fastcompany.com,Male,88.77.98.235
933,Lion,Garnall,lgarnallpw@home.pl,Male,168.152.73.21
934,Maisie,Acutt,macuttpx@examiner.com,Female,255.77.153.101
935,Jammal,Forgie,jforgiepy@a8.net,Male,110.187.68.64
936,Edin,Kilgour,ekilgourpz@reference.com,Female,249.77.30.37
937,Paco,Witter,pwitterq0@nyu.edu,Male,231.40.87.144
938,Corrie,Isakowicz,cisakowiczq1@noaa.gov,Female,109.75.170.245
939,Petr,Cow,pcowq2@ezinearticles.com,Male,7.183.225.239
940,Filip,Bridgman,fbridgmanq3@businessweek.com,Male,46.97.38.136
941,Brigitta,De la Eglise,bdelaegliseq4@last.fm,Female,183.120.22.239
942,Micah,Arni,marniq5@java.com,Male,156.116.179.18
943,Reynold,Maunder,rmaunderq6@ucsd.edu,Male,2.121.155.163
944,Curran,Lambdean,clambdeanq7@apache.org,Polygender,183.181.53.120
945,Pincas,McEneny,pmcenenyq8@woothemes.com,Male,193.255.94.19
946,Jackie,Brim,jbrimq9@opera.com,Male,228.210.154.67
947,Jayme,Sowley,jsowleyqa@pinterest.com,Male,57.167.172.142
948,Sheena,Sword,sswordqb@xrea.com,Female,39.140.42.162
949,Merell,Foulks,mfoulksqc@homestead.com,Male,144.255.30.55
950,Oates,Suttell,osuttellqd@creativecommons.org,Male,219.181.68.18
951,Omero,Karleman,okarlemanqe@tripod.com,Male,228.31.165.92
952,Anatollo,Ripper,aripperqf@senate.gov,Male,9.133.114.173
953,Yetty,De Vaar,ydevaarqg@fastcompany.com,Female,86.200.50.112
954,Norry,Trow,ntrowqh@about.com,Female,24.33.232.92
955,Emmi,Furniss,efurnissqi@fda.gov,Female,154.247.252.247
956,Janos,Yannoni,jyannoniqj@merriam-webster.com,Male,253.168.102.59
957,Saleem,Staker,sstakerqk@behance.net,Male,189.143.167.218
958,Merrel,Polotti,mpolottiql@a8.net,Male,13.129.251.37
959,Dame,Habbema,dhabbemaqm@sbwire.com,Male,209.197.79.79
960,Rhona,Wenman,rwenmanqn@oaic.gov.au,Female,40.53.168.245
961,Sabine,Grigorini,sgrigoriniqo@berkeley.edu,Female,143.111.161.188
962,Jilleen,Molesworth,jmolesworthqp@phoca.cz,Female,148.21.73.102
963,Erek,Farish,efarishqq@apple.com,Male,27.195.203.29
964,Joelle,Earthfield,jearthfieldqr@ezinearticles.com,Non-binary,236.80.37.78
965,Clementius,Culver,cculverqs@ustream.tv,Male,118.97.64.65
966,Karoly,Summerson,ksummersonqt@cbslocal.com,Male,241.46.76.119
967,Lin,McGraith,lmcgraithqu@slate.com,Agender,213.173.253.229
968,Maxy,Gregon,mgregonqv@rakuten.co.jp,Male,57.131.112.187
969,Pierre,Latey,plateyqw@vkontakte.ru,Male,160.66.181.167
970,Tobin,Ruberti,trubertiqx@seesaa.net,Male,66.2.71.212
971,Laurene,Snowman,lsnowmanqy@about.me,Female,112.215.10.23
972,Launce,Cunnow,lcunnowqz@domainmarket.com,Male,79.24.181.198
973,Engelbert,Suttill,esuttillr0@cnbc.com,Male,75.232.117.39
974,Shae,Dewhurst,sdewhurstr1@fema.gov,Male,71.160.106.180
975,Cammi,Featherstonehaugh,cfeatherstonehaughr2@e-recht24.de,Female,21.41.130.177
976,Winfred,Rosone,wrosoner3@xing.com,Male,92.63.20.170
977,Vernen,Keir,vkeirr4@vimeo.com,Male,67.179.94.35
978,Land,Segeswoeth,lsegeswoethr5@so-net.ne.jp,Male,43.197.93.156
979,Mark,Chittock,mchittockr6@mediafire.com,Male,108.106.185.154
980,Clerissa,Gobel,cgobelr7@printfriendly.com,Female,216.38.193.67
981,Mikel,Gaddes,mgaddesr8@yolasite.com,Male,127.137.159.17
982,Micky,Heningam,mheningamr9@loc.gov,Agender,31.76.76.241
983,Charles,Burrill,cburrillra@altervista.org,Male,247.187.127.103
984,Kaitlin,Hold,kholdrb@youtu.be,Female,117.213.14.81
985,Blithe,Willey,bwilleyrc@amazonaws.com,Female,100.104.177.145
986,Hew,Trouncer,htrouncerrd@hugedomains.com,Non-binary,161.94.218.121
987,Calida,Bohin,cbohinre@friendfeed.com,Female,148.32.123.84
988,Wit,Lindsell,wlindsellrf@constantcontact.com,Agender,207.182.48.242
989,Holt,Meeny,hmeenyrg@yahoo.com,Male,190.34.152.205
990,Melisse,Bewshire,mbewshirerh@jugem.jp,Female,162.199.128.222
991,Brook,Tasker,btaskerri@1688.com,Female,228.214.134.58
992,Oby,Aiken,oaikenrj@hugedomains.com,Male,168.120.110.173
993,Waneta,Schriren,wschrirenrk@drupal.org,Female,107.119.116.51
994,Christabel,Asbrey,casbreyrl@boston.com,Genderqueer,67.54.137.110
995,Crissy,Lithgow,clithgowrm@virginia.edu,Female,182.130.92.8
996,Albertina,Boshers,aboshersrn@un.org,Female,4.36.233.199
997,Ogdan,McMearty,omcmeartyro@barnesandnoble.com,Male,83.23.47.43
998,Hercules,Pomroy,hpomroyrp@google.it,Male,36.255.141.28
999,Ardra,Kryska,akryskarq@eventbrite.com,Female,63.49.1.62
1000,Erik,Littledyke,elittledykerr@xinhuanet.com,Male,31.38.232.56
